Don,Buff 1,,Type de bonus,Formule de bonus,Notes de contexte,Buff 2,,Type de bonus,Formule de bonus,Notes de contexte,Buff 3,,Type de bonus,Formule de bonus,Notes de contexte
Abondance de révélations,,,,,,,,,,,,,,,
Absorption rageuse,,,,,,,,,,,,,,,
Acolyte de la Nature,,,,,,,,,,,,,,,
Acrobate des corniches,Compétence spécifique,Escalade,Aptitude,4,+4 pour se rattraper ou rattraper une autre créature <b>en cas de chute</b>,Jets de sauvegarde,Tous,Aptitude,4,,,,,,
Acrobate rusé,,,,,,,,,,,,,,,
Action féroce,,,,,,,,,,,,,,,
Adepte de la discipline,,,,,,,,,,,,,,,
Adepte de la matraque,,,,,,,,,,,,,,,
Adepte du chakra,,,,,,,,,,,,,,,
Adepte du filet,,,,,,,,,,,,,,,
Adepte psychique,,,,,,,,,,,,,,,
Adroit et rapide,Compétence spécifique,Acrobaties,Aptitude,2,,Compétence spécifique,Escalade,Aptitude,2,,,,,,
Affinité nécromantique,,,,,,,,,,,,,,,
Agilité dimensionnelle,,,,,,,,,,,,,,,
Agitation du sang,,,,,,,,,,,,,,,
Agression de l'ombre,,,,,,,,,,,,,,,
Aide rapide,,,,,,,,,,,,,,,
Aile de la grue,,,,,,,,,,,,,,,
Ailes d'ange,,,,,,,,,,,,,,,
Ailes de tengu,,,,,,,,,,,,,,,
Ailes de vent,,,,,,,,,,,,,,,
Ailes métalliques,,,,,,,,,,,,,,,
Ailes rallongées,,,,,,,,,,,,,,,
Aisance,,,,,,,,,,,,,,,
Aisance (Mythique),,,,,,,,,,,,,,,
À l'abri,,,,,,,,,,,,,,,
Alchimie inspirée,,,,,,,,,,,,,,,
Allié naturel spontané,,,,,,,,,,,,,,,
Âme animale,,,,,,,,,,,,,,,
Âme commune,,,,,,,,,,,,,,,
Âme d'acier,,,,,,,,,,,,,,,
Amélioration des créatures convoquées,,,,,,,,,,,,,,,
Amélioration des créatures convoquées (mythique),,,,,,,,,,,,,,,
Amplification supplémentaire,,,,,,,,,,,,,,,
Ancre douloureuse,,,,,,,,,,,,,,,
Anonyme,Compétence spécifique,Bluff,Aptitude,2,,,,,,,,,,,
Antagoniste,,,,,,,,,,,,,,,
Apparence enfantine,,,,,,,,,,,,,,,
Appel du conjurateur,,,,,,,,,,,,,,,
Appel spirituel,,,,,,,,,,,,,,,
Apprendre un piège de rôdeur,,,,,,,,,,,,,,,
Apprentissage rapide,,,,,,,,,,,,,,,
Aptitude de voie supplémentaire (mythique),,,,,,,,,,,,,,,
Aptitude magique,Compétence spécifique,Art de la magie,Aptitude,@skills.spl.rank>=10?4:2,,Compétence spécifique,Utilisation d'objets magiques,Aptitude,@skills.umd.rank>=10?4:2,,,,,,
Aptitude magique (mythique),Compétence spécifique,Art de la magie,Aptitude,@skills.spl.rank>=10?6:4,,Compétence spécifique,Utilisation d'objets magiques,Aptitude,@skills.umd.rank>=10?6:4,,,,,,
Arcane supplémentaire,,,,,,,,,,,,,,,
Arme à aspersion à ricochet,,,,,,,,,,,,,,,
Arme de l'Élu,,,,,,,,,,,,,,,
Arme de l'Élu supérieure,,,,,,,,,,,,,,,
Arme de prédilection,,,,,,,,,,,,,,,
Arme de prédilection gnome,,,,,,,,,,,,,,,
Arme de prédilection (mythique),,,,,,,,,,,,,,,
Arme de prédilection supérieure,,,,,,,,,,,,,,,
Arme en main,,,,,,,,,,,,,,,
Arme en main (mythique),,,,,,,,,,,,,,,
Arme jetable,,,,,,,,,,,,,,,
Arme naturelle supérieure,,,,,,,,,,,,,,,
Armes ardentes,,,,,,,,,,,,,,,
Armure de la Fosse,CA,Armure naturelle,Altération à l'armure naturelle,2,,,,,,,,,,,
Armure naturelle supérieure,CA,Armure naturelle,Altération à l'armure naturelle,1,,,,,,,,,,,
Armure résiliente,,,,,,,,,,,,,,,
Arpenteur des ombres,,,,,,,,,,,,,,,
Art du bouclier,CA,Bouclier,Altération au bouclier,1,,,,,,,,,,,
Art du bouclier (mythique),CA,Bouclier,Altération au bouclier,1,,,,,,,,,,,
Art du bouclier supérieur,CA,Bouclier,Altération au bouclier,1,,,,,,,,,,,
Art du devin,,,,,,,,,,,,,,,
Artisanat de groupe,,,,,,,,,,,,,,,
Artisan mythique (mythique),,,,,,,,,,,,,,,
Artiste du KO,,,,,,,,,,,,,,,
Artiste du KO (mythique),,,,,,,,,,,,,,,
Ascendance aquatique,Vitesse,Vit. Natation,Aptitude,3,,,,,,,,,,,
Aspect bestial,,,,,,,,,,,,,,,
Aspect bestial (mythique),,,,,,,,,,,,,,,
Aspect draconique,,,,,,,,,,,,,,,
Aspersion contrôlée,,,,,,,,,,,,,,,
Assaut de gnome hanté,,,,,,,,,,,,,,,
Assaut dimensionnel,,,,,,,,,,,,,,,
Assaut élémentaire différentiel,,,,,,,,,,,,,,,
Assaut élémentaire supplémentaire,,,,,,,,,,,,,,,
Assaut étourdissant,,,,,,,,,,,,,,,
Assaut hébétant,,,,,,,,,,,,,,,
Assaut repoussant,,,,,,,,,,,,,,,
Assaut sanglant,,,,,,,,,,,,,,,
Assommant,,,,,,,,,,,,,,,
Assurance intimidante,,,,,,,,,,,,,,,
Assurer sa prise,,,,,,,,,,,,,,,
Astuce d'équitation,,,,,,,,,,,,,,,
À terre à cheval,,,,,,,,,,,,,,,
Athlétisme,Compétence spécifique,Escalade,Aptitude,@skills.clm.rank>=10?4:2,,Compétence spécifique,Natation,Aptitude,@skills.swm.rank>=10?4:2,,,,,,
Athlétisme (mythique),Compétence spécifique,Escalade,Aptitude,@skills.clm.rank>=10?6:4,,Compétence spécifique,Natation,Aptitude,@skills.swm.rank>=10?6:4,,,,,,
Attaque au galop,,,,,,,,,,,,,,,
Attaque au galop (mythique),,,,,,,,,,,,,,,
Attaque d'encerclement,,,,,,,,,,,,,,,
Attaque éclair,,,,,,,,,,,,,,,
Attaque éclair (mythique),,,,,,,,,,,,,,,
Attaque en finesse,,,,,,,,,,,,,,,
Attaque en finesse (mythique),,,,,,,,,,,,,,,
Attaque en groupe,,,,,,,,,,,,,,,
Attaque en puissance,,,,,,,,,,,,,,,
Attaque en puissance (mythique),,,,,,,,,,,,,,,
Attaque en rotation,,,,,,,,,,,,,,,
Attaque en vol,,,,,,,,,,,,,,,
Attaque magique,,,,,,,,,,,,,,,
Attaque magique (mythique),,,,,,,,,,,,,,,
Attaquer en meute,,,,,,,,,,,,,,,
Attaques multiples,,,,,,,,,,,,,,,
Attaque spéciale renforcée,,,,,,,,,,,,,,,
Attaques réflexes,,,,,,,,,,,,,,,
Attaques réflexes (mythique),,,,,,,,,,,,,,,
Attirer rapidement,,,,,,,,,,,,,,,
Attrait de la vie,,,,,,,,,,,,,,,
Audace supplémentaire,,,,,,,,,,,,,,,
Augmentation d'intensité,,,,,,,,,,,,,,,
Aura ardente,,,,,,,,,,,,,,,
Aura de fléau des dragons,,,,,,,,,,,,,,,
Aura d'intrépidité,,,,,,,,,,,,,,,
Autonome,Compétence spécifique,Premiers Secours,Aptitude,@skills.hea.rank>=10?4:2,,Compétence spécifique,Survie,Aptitude,@skills.sur.rank>=10?4:2,,,,,,
Autonome (mythique),Compétence spécifique,Premiers Secours,Aptitude,@skills.hea.rank>=10?6:4,,Compétence spécifique,Survie,Aptitude,@skills.sur.rank>=10?6:4,,,,,,
Avance et frappe,,,,,,,,,,,,,,,
Balancement du serpent,Div.,DMD,Aptitude,4,+4 contre les manœuvres de <b>croc-en-jambe</b>,Compétence spécifique,Acrobaties,Aptitude,4,+4 pour <b>éviter de tomber</b>,,,,,
Balayage au bâton,,,,,,,,,,,,,,,
Battu par les vents,Jets de sauvegarde,Tous,Résistance,2,+2 contre les <b>effets électriques</b>,Compétence spécifique,Perception,Aptitude,,malus <b>dus au vent</b> réduits de moitié,,,,,
Bébé féerique,Jets de sauvegarde,Tous,Résistance,2,+2 contre les <b>effets de mort</b>,,,,,,,,,,
Bec de sang,,,,,,,,,,,,,,,
Bénédiction accélérée,,,,,,,,,,,,,,,
Bénédiction canalisée,,,,,,,,,,,,,,,
Bénédiction de guerre,,,,,,,,,,,,,,,
Bénédiction du destructeur,,,,,,,,,,,,,,,
Bienfait du croyant,,,,,,,,,,,,,,,
Bien préparé,,,,,,,,,,,,,,,
Bluff magique,,,,,,,,,,,,,,,
"Boire, c'est vivre (mythique)",,,,,,,,,,,,,,,
Bombes supplémentaires,,,,,,,,,,,,,,,
Bombe télécommandée,,,,,,,,,,,,,,,
Bond du tigre,,,,,,,,,,,,,,,
Bond griffu,,,,,,,,,,,,,,,
Bonne étoile des héros,,,,,,,,,,,,,,,
Boucherie impitoyable,,,,,,,,,,,,,,,
Bouclier contre les projectiles,,,,,,,,,,,,,,,
Bouclier contre les projectiles (mythique),,,,,,,,,,,,,,,
Bouclier contre les rayons,,,,,,,,,,,,,,,
Bouclier magique,,,,,,,,,,,,,,,
Bouclier magique (mythique),,,,,,,,,,,,,,,
Bouclier pour la monture,,,,,,,,,,,,,,,
Bouclier protecteur,,,,,,,,,,,,,,,
Bouclier salvateur,,,,,,,,,,,,,,,
Bouclier salvateur (mythique),,,,,,,,,,,,,,,
Bouclier vivant,,,,,,,,,,,,,,,
Bousculade rapide,,,,,,,,,,,,,,,
Bousculade supérieure,,,,,,,,,,,,,,,
Bousculade tourbillonnante,,,,,,,,,,,,,,,
Boyaux d'acier,,,,,,,,,,,,,,,
Bretteur amateur,,,,,,,,,,,,,,,
Briser la garde,,,,,,,,,,,,,,,
Briser la mâchoire,,,,,,,,,,,,,,,
Briser la tenaille,,,,,,,,,,,,,,,
Briser le cou,,,,,,,,,,,,,,,
Briser le masque mental,,,,,,,,,,,,,,,
Briser les défenses,,,,,,,,,,,,,,,
Briser les défenses (mythique),,,,,,,,,,,,,,,
Briser les os,,,,,,,,,,,,,,,
Brisesort,,,,,,,,,,,,,,,
Briseur de sorts,,,,,,,,,,,,,,,
Briseur d'objets,,,,,,,,,,,,,,,
Brute enragée,,,,,,,,,,,,,,,
Brute résiliente,,,,,,,,,,,,,,,
Buveur de sang,,,,,,,,,,,,,,,
Cachette commune,,,,,,,,,,,,,,,
Camouflage au sol,,,,,,,,,,,,,,,
Canal d'énergie,,,,,,,,,,,,,,,
Canalisateur polyvalent,,,,,,,,,,,,,,,
Canalisation agressive,,,,,,,,,,,,,,,
Canalisation alignée,,,,,,,,,,,,,,,
Canalisation alignée (mythique),,,,,,,,,,,,,,,
Canalisation armée,,,,,,,,,,,,,,,
Canalisation de force,,,,,,,,,,,,,,,
Canalisation de force supérieure,,,,,,,,,,,,,,,
Canalisation élémentaire,,,,,,,,,,,,,,,
Canalisation élémentaire (mythique),,,,,,,,,,,,,,,
Canalisation rapide,,,,,,,,,,,,,,,
Canalisation sélective,,,,,,,,,,,,,,,
Canalisation sélective (mythique),,,,,,,,,,,,,,,
Canalisation supplémentaire,,,,,,,,,,,,,,,
Cape de duel,,,,,,,,,,,,,,,
Capture,,,,,,,,,,,,,,,
Capture de projectiles,,,,,,,,,,,,,,,
Capture de projectiles (mythique),,,,,,,,,,,,,,,
Carapace de la tortue alligator,,,,,,,,,,,,,,,
Caresse de l'efrit,,,,,,,,,,,,,,,
Carnage effroyable,,,,,,,,,,,,,,,
Carnage effroyable (mythique),,,,,,,,,,,,,,,
Casque bosselé,,,,,,,,,,,,,,,
Casque fendu,,,,,,,,,,,,,,,
Cavalerie en formation,,,,,,,,,,,,,,,
Cavalier des bêtes,,,,,,,,,,,,,,,
Cercle du meurtrier,,,,,,,,,,,,,,,
Chair angélique,,,,,,,,,,,,,,,
Champion expérimenté,,,,,,,,,,,,,,,
Chance adaptative,,,,,,,,,,,,,,,
Chance des héros,,,,,,,,,,,,,,,
Chance inexplicable,,,,,,,,,,,,,,,
Chance insolente,,,,,,,,,,,,,,,
Changement de focalisation efficace,,,,,,,,,,,,,,,
Changement rapide de focalisation,,,,,,,,,,,,,,,
Chantesort,,,,,,,,,,,,,,,
Chanteur de guerre,,,,,,,,,,,,,,,
Chanteur de la nature,,,,,,,,,,,,,,,
Chanteur des roches,,,,,,,,,,,,,,,
Chant funèbre supérieur,,,,,,,,,,,,,,,
Charge coordonnée,,,,,,,,,,,,,,,
Charge de diversion,,,,,,,,,,,,,,,
Charge de la horde,,,,,,,,,,,,,,,
Charge dévastatrice,,,,,,,,,,,,,,,
Charge dévastatrice (mythique),,,,,,,,,,,,,,,
Charge du cogneur,,,,,,,,,,,,,,,
Charge explosive,,,,,,,,,,,,,,,
Charge radieuse,,,,,,,,,,,,,,,
Charge renversante,,,,,,,,,,,,,,,
Charge renversante (mythique),,,,,,,,,,,,,,,
Charmeur-né,,,,,,,,,,,,,,,
Charognard,,,,,,,,,,,,,,,
Chasseur de démons,,,,,,,,,,,,,,,
Chasseur des mers,,,,,,,,,,,,,,,
Chasseur métamorphe,,,,,,,,,,,,,,,
Châtiment canalisé,,,,,,,,,,,,,,,
Châtiment canalisé (mythique),,,,,,,,,,,,,,,
Châtiment canalisé supérieur,,,,,,,,,,,,,,,
Chat noir,,,,,,,,,,,,,,,
Choc de l'enragé,,,,,,,,,,,,,,,
Chute ralentie,,,,,,,,,,,,,,,
Cible d'opportunité,,,,,,,,,,,,,,,
Coeur de feu,,,,,,,,,,,,,,,
Cœur de vermine,,,,,,,,,,,,,,,
Coeur vaillant,,,,,,,,,,,,,,,
Cogneur tyrannique,,,,,,,,,,,,,,,
Coincer,,,,,,,,,,,,,,,
Collectionneur,,,,,,,,,,,,,,,
Collectionneur planaire,,,,,,,,,,,,,,,
Combat à deux armes,,,,,,,,,,,,,,,
Combat à deux armes (mythique),,,,,,,,,,,,,,,
Combat à deux armes supérieur,,,,,,,,,,,,,,,
Combat à plusieurs armes,,,,,,,,,,,,,,,
Combat chorégraphié,,,,,,,,,,,,,,,
Combat en aveugle,,,,,,,,,,,,,,,
Combat en aveugle (mythique),,,,,,,,,,,,,,,
Combat monté,,,,,,,,,,,,,,,
Combattant désespéré,,,,,,,,,,,,,,,
Combattant de spectacle,,,,,,,,,,,,,,,
Combattant étudié,,,,,,,,,,,,,,,
Combattant prudent,,,,,,,,,,,,,,,
Combattant psychique,,,,,,,,,,,,,,,
Combattre au-delà de la mort,,,,,,,,,,,,,,,
Comme l'éclair,,,,,,,,,,,,,,,
Comme le vent,,,,,,,,,,,,,,,
Compagnon animal vampirique,,,,,,,,,,,,,,,
Compagnon évolué,,,,,,,,,,,,,,,
Compagnon mythique,,,,,,,,,,,,,,,
Concentration instinctive,,,,,,,,,,,,,,,
Concentration malgré la fureur,,,,,,,,,,,,,,,
Concentration malgré la fureur (mythique),,,,,,,,,,,,,,,
Concentration rageuse,,,,,,,,,,,,,,,
Conducteur de talent,,,,,,,,,,,,,,,
Conducteur expérimenté,,,,,,,,,,,,,,,
Conduit émotionnel,,,,,,,,,,,,,,,
Connaissances magiques étendues,,,,,,,,,,,,,,,
Connaissances magiques mythiques (mythique),,,,,,,,,,,,,,,
Connaissances officieuses,,,,,,,,,,,,,,,
Connaissance supérieure de la pierre,,,,,,,,,,,,,,,
Connaissance supérieure de la pierre (mythique),,,,,,,,,,,,,,,
Conseil de combat,,,,,,,,,,,,,,,
Contact magique bondissant,,,,,,,,,,,,,,,
Contemplateur des nuages,,,,,,,,,,,,,,,
Contre-droite,,,,,,,,,,,,,,,
Contre-réflexes,,,,,,,,,,,,,,,
Contrôle des morts-vivants,,,,,,,,,,,,,,,
Contrôle des morts-vivants (mythique),,,,,,,,,,,,,,,
Convocation lunaire,,,,,,,,,,,,,,,
Convocation sacrée,,,,,,,,,,,,,,,
Convocations féroces,,,,,,,,,,,,,,,
Convocation solaire,,,,,,,,,,,,,,,
Convocations supplémentaires,,,,,,,,,,,,,,,
Convocation stellaire,,,,,,,,,,,,,,,
Convocation supérieure,,,,,,,,,,,,,,,
Cosmopolite,,,,,,,,,,,,,,,
Coup bouleversant,,,,,,,,,,,,,,,
Coup bousculant,,,,,,,,,,,,,,,
Coup dans l'ombre,,,,,,,,,,,,,,,
Coup de bouclier opportuniste,,,,,,,,,,,,,,,
Coup de brute,,,,,,,,,,,,,,,
Coup de dégagement,,,,,,,,,,,,,,,
Coup de flèche,,,,,,,,,,,,,,,
Coup de focalisation,,,,,,,,,,,,,,,
Coup de fouet démoralisant,,,,,,,,,,,,,,,
Coup de grâce de l'enragé,,,,,,,,,,,,,,,
Coup de la cockatrice,,,,,,,,,,,,,,,
Coup déloyal,,,,,,,,,,,,,,,
Coup désarmant,,,,,,,,,,,,,,,
Coup déséquilibrant,,,,,,,,,,,,,,,
Coup désespéré,,,,,,,,,,,,,,,
Coup déstabilisant,,,,,,,,,,,,,,,
Coup destructeur,,,,,,,,,,,,,,,
Coup écrasant,,,,,,,,,,,,,,,
Coup étourdissant,,,,,,,,,,,,,,,
Coup étourdissant (mythique),,,,,,,,,,,,,,,
Coup fabuleux,,,,,,,,,,,,,,,
Coup final mortel,,,,,,,,,,,,,,,
Coup final sanglant,,,,,,,,,,,,,,,
Coup final violent,,,,,,,,,,,,,,,
Couple d'opportunistes,,,,,,,,,,,,,,,
Coup mémorable,,,,,,,,,,,,,,,
Coup odieux,,,,,,,,,,,,,,,
Coup odieux (mythique),,,,,,,,,,,,,,,
Coup parfait,,,,,,,,,,,,,,,
Coup précis,,,,,,,,,,,,,,,
Coup repositionnant,,,,,,,,,,,,,,,
Coups protecteurs,,,,,,,,,,,,,,,
Course,,,,,,,,,,,,,,,
Course (mythique),,,,,,,,,,,,,,,
Couteau de sorcière,,,,,,,,,,,,,,,
Couteau de sorcière (mythique),,,,,,,,,,,,,,,
Crachat venimeux (combat),,,,,,,,,,,,,,,
Crachat venimeux (nagaji),,,,,,,,,,,,,,,
Crame ! Crame ! Crame !,,,,,,,,,,,,,,,
Crâne allongé,,,,,,,,,,,,,,,
Création d'anneaux magiques,,,,,,,,,,,,,,,
Création d'armes à feu,,,,,,,,,,,,,,,
Création d'armes et armures magiques,,,,,,,,,,,,,,,
Création de baguettes magiques,,,,,,,,,,,,,,,
Création de bâtons magiques,,,,,,,,,,,,,,,
Création de créatures artificielles,,,,,,,,,,,,,,,
Création d'élixir sanguin,,,,,,,,,,,,,,,
"Création de reliques, armes ou boucliers",,,,,,,,,,,,,,,
Création de sceptres magiques,,,,,,,,,,,,,,,
Création de tatouages magiques,,,,,,,,,,,,,,,
Création d'objets merveilleux,,,,,,,,,,,,,,,
Cri de guerre,,,,,,,,,,,,,,,
Critique assourdissant,,,,,,,,,,,,,,,
Critique aveuglant,,,,,,,,,,,,,,,
Critique de dissipation,,,,,,,,,,,,,,,
Critique d'empalement,,,,,,,,,,,,,,,
Critique de plaie,,,,,,,,,,,,,,,
Critique de plaie supérieur,,,,,,,,,,,,,,,
Critique épuisant,,,,,,,,,,,,,,,
Critique étourdissant,,,,,,,,,,,,,,,
Critique fatigant,,,,,,,,,,,,,,,
Critique fébrile,,,,,,,,,,,,,,,
Critique handicapant,,,,,,,,,,,,,,,
Critique maudit,,,,,,,,,,,,,,,
Critique ralentissant,,,,,,,,,,,,,,,
Critique sanglant,,,,,,,,,,,,,,,
Critique sanglant (mythique),,,,,,,,,,,,,,,
Critiques divers,,,,,,,,,,,,,,,
Croc du serpent,,,,,,,,,,,,,,,
Croc-en-jambe à distance,,,,,,,,,,,,,,,
Croc-en-jambe au bâton,,,,,,,,,,,,,,,
Croc-en-jambe au bâton (mythique),,,,,,,,,,,,,,,
Croc-en-jambe supérieur,,,,,,,,,,,,,,,
Crocs acérés,,,,,,,,,,,,,,,
Cul sec,,,,,,,,,,,,,,,
Curiosité intrépide,,,,,,,,,,,,,,,
Danse de la moquerie,,,,,,,,,,,,,,,
Danse du boxeur,,,,,,,,,,,,,,,
Danse du derviche,,,,,,,,,,,,,,,
Danseur à la baguette,,,,,,,,,,,,,,,
Débiter les orques,,,,,,,,,,,,,,,
Déchiquetage du sanglier,,,,,,,,,,,,,,,
Déclenchement manuel,,,,,,,,,,,,,,,
Découverte supplémentaire,,,,,,,,,,,,,,,
Défense à deux armes,,,,,,,,,,,,,,,
Défense à deux armes (mythique),,,,,,,,,,,,,,,
Défense fantomatique,,,,,,,,,,,,,,,
Défense instinctive,,,,,,,,,,,,,,,
Défense maladroite,,,,,,,,,,,,,,,
Défenses coordonnées,,,,,,,,,,,,,,,
Défenseur psychique,,,,,,,,,,,,,,,
Dégagement flamboyant,,,,,,,,,,,,,,,
Déluge des tonnerres jumeaux,,,,,,,,,,,,,,,
Déluge du croisé,,,,,,,,,,,,,,,
Démarche de l'araignée,,,,,,,,,,,,,,,
Démarche de l'araignée (drow),,,,,,,,,,,,,,,
Démolisseur de pièges,,,,,,,,,,,,,,,
Démonstration,,,,,,,,,,,,,,,
Démonstration décourageante,,,,,,,,,,,,,,,
Démonstration de maître,,,,,,,,,,,,,,,
Démonstration du héros,,,,,,,,,,,,,,,
Démonstration féroce,,,,,,,,,,,,,,,
Démonstration (mythique),,,,,,,,,,,,,,,
Démonstration terrifiante,,,,,,,,,,,,,,,
Dents acérées,,,,,,,,,,,,,,,
Dents de fouisseur,,,,,,,,,,,,,,,
Déplacement acrobatique,,,,,,,,,,,,,,,
Déplacement mystique,,,,,,,,,,,,,,,
Derviche dimensionnel,,,,,,,,,,,,,,,
Désarçonner,,,,,,,,,,,,,,,
Désarçonner (mythique),,,,,,,,,,,,,,,
Désarmement à distance,,,,,,,,,,,,,,,
Désarmement contrôlé,,,,,,,,,,,,,,,
Désarmement supérieur,,,,,,,,,,,,,,,
Destin glorieux,,,,,,,,,,,,,,,
Destin intrépide,,,,,,,,,,,,,,,
Destruction d'arme supérieure,,,,,,,,,,,,,,,
Détection de l'expertise,,,,,,,,,,,,,,,
Détection de l'expertise (mythique),,,,,,,,,,,,,,,
Détection officieuse,,,,,,,,,,,,,,,
Deux potions d'un coup (mythique),,,,,,,,,,,,,,,
Développement de la résistance,,,,,,,,,,,,,,,
Discernement ultérieur,,,,,,,,,,,,,,,
Disciple psychique,,,,,,,,,,,,,,,
Discipliné,,,,,,,,,,,,,,,
Discipline hobgobeline,,,,,,,,,,,,,,,
Discret,Compétence spécifique,Évasion,Aptitude,@skills.esc.rank>=10?4:2,,Compétence spécifique,Discrétion,Aptitude,@skills.ste.rank>=10?4:2,,,,,,
Discret (mythique),,,,,,,,,,,,,,,
Diseuse de bonne aventure,,,,,,,,,,,,,,,
Dispense de composantes matérielles,,,,,,,,,,,,,,,
Dispense de composantes (mythique),,,,,,,,,,,,,,,
Dissipation destructrice,,,,,,,,,,,,,,,
Doigts de fée,,,,,,,,,,,,,,,
Doigts de fée (mythique),,,,,,,,,,,,,,,
Dompteur de feu,,,,,,,,,,,,,,,
Don de la mère,,,,,,,,,,,,,,,
Don de l'esprit,,,,,,,,,,,,,,,
Donner l'initiative,,,,,,,,,,,,,,,
Don pour les critiques,,,,,,,,,,,,,,,
Don pour les critiques (mythique),,,,,,,,,,,,,,,
Dos à dos,,,,,,,,,,,,,,,
Double croc-en-jambe,,,,,,,,,,,,,,,
Double frappe,,,,,,,,,,,,,,,
Double tueur,,,,,,,,,,,,,,,
Douleur composée,,,,,,,,,,,,,,,
Duelliste à la falcata,,,,,,,,,,,,,,,
Dur à cuire,,,,,,,,,,,,,,,
Dur comme le fer,,,,,,,,,,,,,,,
Échange de place,,,,,,,,,,,,,,,
Échange trompeur,,,,,,,,,,,,,,,
Échappatoire,,,,,,,,,,,,,,,
Écho magique,,,,,,,,,,,,,,,
Échos de la pierre,,,,,,,,,,,,,,,
Éclat du singe,,,,,,,,,,,,,,,
Éclats d'arme,,,,,,,,,,,,,,,
Éclectisme,,,,,,,,,,,,,,,
École de la grue,,,,,,,,,,,,,,,
École de la mante,,,,,,,,,,,,,,,
École de la panthère,,,,,,,,,,,,,,,
École de la tortue alligator,,,,,,,,,,,,,,,
École de l'efrit,,,,,,,,,,,,,,,
École de l'empoigneur,,,,,,,,,,,,,,,
École de l'enfant de la terre,,,,,,,,,,,,,,,
École du boxeur,,,,,,,,,,,,,,,
École du cogneur,,,,,,,,,,,,,,,
École du djinn,,,,,,,,,,,,,,,
École du dragon,,,,,,,,,,,,,,,
École du jann,,,,,,,,,,,,,,,
École du kirin,,,,,,,,,,,,,,,
École du marid,,,,,,,,,,,,,,,
École du sanglier,,,,,,,,,,,,,,,
École du scorpion,,,,,,,,,,,,,,,
École du scorpion (mythique),,,,,,,,,,,,,,,
École du serpent,,,,,,,,,,,,,,,
École du shaitan,,,,,,,,,,,,,,,
École du singe,,,,,,,,,,,,,,,
École du tigre,,,,,,,,,,,,,,,
École renforcée,,,,,,,,,,,,,,,
École renforcée (mythique),,,,,,,,,,,,,,,
École supérieure,,,,,,,,,,,,,,,
Écriture de parchemins,,,,,,,,,,,,,,,
Efficacité des sorts accrue,,,,,,,,,,,,,,,
Efficacité des sorts accrue (mythique),,,,,,,,,,,,,,,
Efficacité des sorts accrue supérieure,,,,,,,,,,,,,,,
Eidolon concentré,,,,,,,,,,,,,,,
Eidolon protecteur,,,,,,,,,,,,,,,
Eidolon résilient,,,,,,,,,,,,,,,
Eidolon vigilant,,,,,,,,,,,,,,,
Élément renforcé,,,,,,,,,,,,,,,
Élément renforcé (mythique),,,,,,,,,,,,,,,
Élément supérieur,,,,,,,,,,,,,,,
Éliminer les toxines,,,,,,,,,,,,,,,
Embusqueur kobold,,,,,,,,,,,,,,,
Empathe,,,,,,,,,,,,,,,
Empathie rapide,,,,,,,,,,,,,,,
Empathie rapide (mythique),,,,,,,,,,,,,,,
Empathie sauvage supérieure,,,,,,,,,,,,,,,
Empoisonneur précis,,,,,,,,,,,,,,,
Enchaînement,,,,,,,,,,,,,,,
Enchaînement élargi,,,,,,,,,,,,,,,
Enchaînement final,,,,,,,,,,,,,,,
Enchaînement (mythique),,,,,,,,,,,,,,,
Enchaînement surprise,,,,,,,,,,,,,,,
Enchaîner les gobelins,,,,,,,,,,,,,,,
Enchantement dual,,,,,,,,,,,,,,,
Endurance,,,,,,,,,,,,,,,
Endurance (mythique),,,,,,,,,,,,,,,
Ennemi des métamorphes,,,,,,,,,,,,,,,
Enquêteur amateur,,,,,,,,,,,,,,,
Enragé inflexible,,,,,,,,,,,,,,,
Ensemble,,,,,,,,,,,,,,,
Entraînement au combat féroce,,,,,,,,,,,,,,,
Entraînement aux armures renforcé,,,,,,,,,,,,,,,
Entraînement défensif aux armes,,,,,,,,,,,,,,,
Entraînement guerrier elfique,,,,,,,,,,,,,,,
Entraînement supérieur,,,,,,,,,,,,,,,
Entraîner au sol,,,,,,,,,,,,,,,
Entrave à distance,,,,,,,,,,,,,,,
Entremêler les explosions composites,,,,,,,,,,,,,,,
Épée et pistolet,,,,,,,,,,,,,,,
Équilibre spirituel,,,,,,,,,,,,,,,
Équipe de pickpockets,,,,,,,,,,,,,,,
Érudit,,,,,,,,,,,,,,,
Esprit concentré,,,,,,,,,,,,,,,
Esprit des étendues sauvages,,,,,,,,,,,,,,,
Esprit du Djinn,,,,,,,,,,,,,,,
Esprit du marid,,,,,,,,,,,,,,,
Esprit elfique,,,,,,,,,,,,,,,
Esprit humain,,,,,,,,,,,,,,,
Esprit libre,,,,,,,,,,,,,,,
Esquive,,,,,,,,,,,,,,,
Esquive acrobatique,,,,,,,,,,,,,,,
Esquive anticipée,,,,,,,,,,,,,,,
Esquive (mythique),,,,,,,,,,,,,,,
Étoffe des héros,,,,,,,,,,,,,,,
Étourdir l'immobile,,,,,,,,,,,,,,,
Étrange héritage,,,,,,,,,,,,,,,
Étrange héritage (mythique),,,,,,,,,,,,,,,
Étrange héritage supérieur,,,,,,,,,,,,,,,
Étreinte de la tortue alligator,,,,,,,,,,,,,,,
Étreinte de l'ombre,,,,,,,,,,,,,,,
Étreinte étouffante,,,,,,,,,,,,,,,
Étreinte fatale,,,,,,,,,,,,,,,
Étude à distance,,,,,,,,,,,,,,,
Éventration à deux armes,,,,,,,,,,,,,,,
Éventration à deux armes (mythique),,,,,,,,,,,,,,,
Éventration de l'immobile,,,,,,,,,,,,,,,
Évolutions supplémentaires,,,,,,,,,,,,,,,
Expériences variées,,,,,,,,,,,,,,,
Expertise du combat,,,,,,,,,,,,,,,
Expertise du combat (mythique),,,,,,,,,,,,,,,
Expertise magique majeure,,,,,,,,,,,,,,,
Expertise magique mineure,,,,,,,,,,,,,,,
Expertise martiale orque,,,,,,,,,,,,,,,
Exploit acrobatique déconcertant,,,,,,,,,,,,,,,
Exploitation arcanique supplémentaire,,,,,,,,,,,,,,,
Exploitation des connaissances,,,,,,,,,,,,,,,
Exploit de la cachette secrète,,,,,,,,,,,,,,,
Exploit de la menace désarmante,,,,,,,,,,,,,,,
Exploit du coup de pommeau,,,,,,,,,,,,,,,
Exploit du tireur habile,,,,,,,,,,,,,,,
Exploit du tir par ricochet,,,,,,,,,,,,,,,
Exploit signé,,,,,,,,,,,,,,,
Explosion assourdissante,,,,,,,,,,,,,,,
Explosion d'adieu,,,,,,,,,,,,,,,
Explosion retardée,,,,,,,,,,,,,,,
Extension de durée,,,,,,,,,,,,,,,
Extension d'effet,,,,,,,,,,,,,,,
Extension de portée,,,,,,,,,,,,,,,
Extension de pouvoir magique,,,,,,,,,,,,,,,
Extension de zone d'effet,,,,,,,,,,,,,,,
Fabuleuses chimères (mythique),,,,,,,,,,,,,,,
Familier évolué,,,,,,,,,,,,,,,
Familier libéré,,,,,,,,,,,,,,,
Familier supérieur,,,,,,,,,,,,,,,
Familier supérieur (mythique),,,,,,,,,,,,,,,
Fantôme concentré,,,,,,,,,,,,,,,
Fantôme d’ombre,,,,,,,,,,,,,,,
Fantôme vigilant,,,,,,,,,,,,,,,
Fauconnerie ancestrale,,,,,,,,,,,,,,,
Fausse incantation,,,,,,,,,,,,,,,
Fausse ouverture,,,,,,,,,,,,,,,
Faux focalisateur,,,,,,,,,,,,,,,
Feinte à deux armes,,,,,,,,,,,,,,,
Feinte brûlante,,,,,,,,,,,,,,,
Feinte de dégagement,,,,,,,,,,,,,,,
Feinte du traqueur au clair de lune,,,,,,,,,,,,,,,
Feinte du tueur,,,,,,,,,,,,,,,
Feinte hypnotique,,,,,,,,,,,,,,,
Feinte hypnotique supérieure,,,,,,,,,,,,,,,
Feinte inversée,,,,,,,,,,,,,,,
Feinte jumelée,,,,,,,,,,,,,,,
Feinte supérieure,,,,,,,,,,,,,,,
Fente,,,,,,,,,,,,,,,
Fente (mythique),,,,,,,,,,,,,,,
Férocité du dragon,,,,,,,,,,,,,,,
Férocité du sanglier,,,,,,,,,,,,,,,
Festin sanglant,,,,,,,,,,,,,,,
Feu nourri,,,,,,,,,,,,,,,
Feu nourri (mythique),,,,,,,,,,,,,,,
Fiélon sanguinaire,,,,,,,,,,,,,,,
Filet et trident,,,,,,,,,,,,,,,
Fils de l’ombre,,,,,,,,,,,,,,,
Fils de l’ombre supérieur,,,,,,,,,,,,,,,
Fioritures rhétoriques,,,,,,,,,,,,,,,
Fioritures rhétoriques (mythique),,,,,,,,,,,,,,,
Flamme intérieure,,,,,,,,,,,,,,,
Flexibilité innée,,,,,,,,,,,,,,,
Flexibilité martiale supplémentaire,,,,,,,,,,,,,,,
Focalisation instrumentale,,,,,,,,,,,,,,,
Focalisation mentale supplémentaire,,,,,,,,,,,,,,,
Foi absolue,,,,,,,,,,,,,,,
Force de propulsion,,,,,,,,,,,,,,,
Force intimidante,,,,,,,,,,,,,,,
Force intimidante (mythique),,,,,,,,,,,,,,,
Forme animale optimale,,,,,,,,,,,,,,,
Forme animale planaire,,,,,,,,,,,,,,,
Forme animale rapide,,,,,,,,,,,,,,,
Forme de corbeau tengu,,,,,,,,,,,,,,,
Forme puissante,,,,,,,,,,,,,,,
Forme puissante (mythique),,,,,,,,,,,,,,,
Forte montée en puissance (mythique),,,,,,,,,,,,,,,
Fort lien avec un instrument,,,,,,,,,,,,,,,
Fouet-serpent,,,,,,,,,,,,,,,
Fouet-serpent supérieur,,,,,,,,,,,,,,,
Fouisseur oréade,,,,,,,,,,,,,,,
Fourberie,,,,,,,,,,,,,,,
Fourberie (mythique),,,,,,,,,,,,,,,
Frappe agrippante,,,,,,,,,,,,,,,
Frappe bénie,,,,,,,,,,,,,,,
Frappe chanceuse,,,,,,,,,,,,,,,
Frappe de cauchemar,,,,,,,,,,,,,,,
Frappe déchirante,,,,,,,,,,,,,,,
Frappe décisive,,,,,,,,,,,,,,,
Frappe décisive (mythique),,,,,,,,,,,,,,,
Frappe décisive supérieure,,,,,,,,,,,,,,,
Frappe de domaine,,,,,,,,,,,,,,,
Frappe de la vipère,,,,,,,,,,,,,,,
Frappe de l'école,,,,,,,,,,,,,,,
Frappe de l'hiver,,,,,,,,,,,,,,,
Frappe de titan (mythique),,,,,,,,,,,,,,,
Frappe dévastatrice,,,,,,,,,,,,,,,
Frappe drainante,,,,,,,,,,,,,,,
Frappe du bouclier,,,,,,,,,,,,,,,
Frappe du bouclier (mythique),,,,,,,,,,,,,,,
Frappe du fléau des anges,,,,,,,,,,,,,,,
Frappe du kirin,,,,,,,,,,,,,,,
Frappe ensorcelée,,,,,,,,,,,,,,,
Frappe féerique,,,,,,,,,,,,,,,
Frappe inspirée,,,,,,,,,,,,,,,
Frappe leste,,,,,,,,,,,,,,,
Frappe magique,,,,,,,,,,,,,,,
Frappe magique (mythique),,,,,,,,,,,,,,,
Frappe magique sanguine,,,,,,,,,,,,,,,
Frappe maléfique,,,,,,,,,,,,,,,
Frappe mortelle,,,,,,,,,,,,,,,
Frappe mortelle (mythique),,,,,,,,,,,,,,,
Frappe obscure,,,,,,,,,,,,,,,
Frappe ondoyante,,,,,,,,,,,,,,,
Frappe paralysante,,,,,,,,,,,,,,,
Frappe puissante,,,,,,,,,,,,,,,
Frappe puissante (mythique),,,,,,,,,,,,,,,
Frappe puissante supérieure,,,,,,,,,,,,,,,
Frappe révélatrice,,,,,,,,,,,,,,,
Frappe risquée,,,,,,,,,,,,,,,
Frappe sanglante ensorcelée,,,,,,,,,,,,,,,
Frappe surprenante,,,,,,,,,,,,,,,
Fraternité animale,,,,,,,,,,,,,,,
Fraternité animale (mythique),,,,,,,,,,,,,,,
Frisson de la mort,,,,,,,,,,,,,,,
Froid du marid,,,,,,,,,,,,,,,
Fuite renversante,,,,,,,,,,,,,,,
Fureur de la méduse,,,,,,,,,,,,,,,
Fureur de la méduse (mythique),,,,,,,,,,,,,,,
Garde du corps,,,,,,,,,,,,,,,
Gardien des étendues sauvages,,,,,,,,,,,,,,,
Gardien spirituel,,,,,,,,,,,,,,,
Glissade,,,,,,,,,,,,,,,
Gnome hanté,,,,,,,,,,,,,,,
Goûts variés,,,,,,,,,,,,,,,
Grâce du chat,,,,,,,,,,,,,,,
Grâce supérieure,,,,,,,,,,,,,,,
Grâce supplémentaire,,,,,,,,,,,,,,,
Grâce tranchante,,,,,,,,,,,,,,,
Grâce ultime,,,,,,,,,,,,,,,
Grande haine,,,,,,,,,,,,,,,
Grande tenaille,,,,,,,,,,,,,,,
Grand veneur,,,,,,,,,,,,,,,
Griffe de la panthère,,,,,,,,,,,,,,,
Griffes coupantes,,,,,,,,,,,,,,,
Griffes du tigre,,,,,,,,,,,,,,,
Griffes magiques,,,,,,,,,,,,,,,
Griffe-tranchante,,,,,,,,,,,,,,,
Grimpeur bien accroché,,,,,,,,,,,,,,,
Gros buveur,,,,,,,,,,,,,,,
Guérison athée,,,,,,,,,,,,,,,
Guérison partagée,,,,,,,,,,,,,,,
Guérison psychique,,,,,,,,,,,,,,,
Guérison rapide,,,,,,,,,,,,,,,
Guérison réactive,,,,,,,,,,,,,,,
Guérison vertueuse,,,,,,,,,,,,,,,
Guérisseur chanceux,,,,,,,,,,,,,,,
Guerrier fantôme,,,,,,,,,,,,,,,
Guerrier rancunier,,,,,,,,,,,,,,,
Guide divin,,,,,,,,,,,,,,,
Guide divin (mythique),,,,,,,,,,,,,,,
Habitant du désert,,,,,,,,,,,,,,,
Haine cinglante,,,,,,,,,,,,,,,
Halfelin porte-chance,,,,,,,,,,,,,,,
Halfelin porte-chance (mythique),,,,,,,,,,,,,,,
Hamatulatsu,,,,,,,,,,,,,,,
Harmonie Sauvage,,,,,,,,,,,,,,,
Héritage chacal,,,,,,,,,,,,,,,
Héritage monastique,,,,,,,,,,,,,,,
Héritage monastique (mythique),,,,,,,,,,,,,,,
Héritage racial,,,,,,,,,,,,,,,
Héritage racial (mythique),,,,,,,,,,,,,,,
Homme de main,,,,,,,,,,,,,,,
Homme-félin modèle,,,,,,,,,,,,,,,
Horreur de l'étreinte fatale,,,,,,,,,,,,,,,
Illusionniste amateur,,,,,,,,,,,,,,,
Imitation animale prolongée,,,,,,,,,,,,,,,
Imitation du traqueur,,,,,,,,,,,,,,,
Immense haine,,,,,,,,,,,,,,,
Immobiliser,,,,,,,,,,,,,,,
Impact du tir critique,,,,,,,,,,,,,,,
Implantation de bombe,,,,,,,,,,,,,,,
Imposition des mains supplémentaire,,,,,,,,,,,,,,,
Improvisation,,,,,,,,,,,,,,,
Inaperçu,,,,,,,,,,,,,,,
Incantation animale,,,,,,,,,,,,,,,
Incantation animale (mythique),,,,,,,,,,,,,,,
Incantation contre un ennemi juré,,,,,,,,,,,,,,,
Incantation rageuse,,,,,,,,,,,,,,,
Incantation rapide,,,,,,,,,,,,,,,
Incantation silencieuse,,,,,,,,,,,,,,,
Incantation statique,,,,,,,,,,,,,,,
Individu chanceux,,,,,,,,,,,,,,,
Induction d'hypnotiseur supplémentaire,,,,,,,,,,,,,,,
Ingénieur de siège,,,,,,,,,,,,,,,
Initié du chakra,,,,,,,,,,,,,,,
Initié du refus de mourir,,,,,,,,,,,,,,,
Inoculation perspicace,,,,,,,,,,,,,,,
Inspiration concentrée,,,,,,,,,,,,,,,
Inspiration supplémentaire,,,,,,,,,,,,,,,
Interception de charge,,,,,,,,,,,,,,,
Interception de coups,,,,,,,,,,,,,,,
Interférence divine,,,,,,,,,,,,,,,
Interférence divine (mythique),,,,,,,,,,,,,,,
Intuition partagée,,,,,,,,,,,,,,,
Intuition prophétique,,,,,,,,,,,,,,,
Invisibilité prolongée,,,,,,,,,,,,,,,
Invocateur d'araignées,,,,,,,,,,,,,,,
Invocateur de squelettes,,,,,,,,,,,,,,,
Invocation de conduits,,,,,,,,,,,,,,,
Jouet du destin,,,,,,,,,,,,,,,
Jugement instantané,,,,,,,,,,,,,,,
Jugement partagé,,,,,,,,,,,,,,,
Jugement partial,,,,,,,,,,,,,,,
Jugement renforcé,,,,,,,,,,,,,,,
Ki supplémentaire,,,,,,,,,,,,,,,
KO sur l'immobile,,,,,,,,,,,,,,,
Lacération furieuse,,,,,,,,,,,,,,,
Lacération furieuse supérieure,,,,,,,,,,,,,,,
Lai de la terre,,,,,,,,,,,,,,,
La mort ou la gloire,,,,,,,,,,,,,,,
Lancer à deux mains,,,,,,,,,,,,,,,
Lancer improvisé,,,,,,,,,,,,,,,
Lancer improvisé (mythique),,,,,,,,,,,,,,,
Lancer ki,,,,,,,,,,,,,,,
Lancer lors d'une charge,,,,,,,,,,,,,,,
Lanceur à courte distance,,,,,,,,,,,,,,,
Lanceur à distance,,,,,,,,,,,,,,,
Lanceur à distance (mythique),,,,,,,,,,,,,,,
Lanceur de sort allié,,,,,,,,,,,,,,,
Lanceur de sort protégé,,,,,,,,,,,,,,,
Lanceur enragé,,,,,,,,,,,,,,,
Langue agile,,,,,,,,,,,,,,,
Langue sauvage,,,,,,,,,,,,,,,
Lanterne du sniper,,,,,,,,,,,,,,,
Lien de l'enfant de la terre,,,,,,,,,,,,,,,
Linceul de gnome hanté,,,,,,,,,,,,,,,
Linceul d'ombres,,,,,,,,,,,,,,,
Linguistique ésotérique,,,,,,,,,,,,,,,
Long-nez,,,,,,,,,,,,,,,
Lutte supérieure,,,,,,,,,,,,,,,
Lutteur des bars,,,,,,,,,,,,,,,
Lutteur rapide,,,,,,,,,,,,,,,
Maestro psychique,,,,,,,,,,,,,,,
Mage des étendues sauvages,,,,,,,,,,,,,,,
Mage de vapeur,,,,,,,,,,,,,,,
Mage talentueux,,,,,,,,,,,,,,,
Mage ténébreux,,,,,,,,,,,,,,,
Magie de guerre,,,,,,,,,,,,,,,
Magie de la nature,,,,,,,,,,,,,,,
Magie des glyphes,,,,,,,,,,,,,,,
Magie des nains gris,,,,,,,,,,,,,,,
Magie flexible,,,,,,,,,,,,,,,
Main de feu,,,,,,,,,,,,,,,
Mains du croyant,,,,,,,,,,,,,,,
Maître alchimiste,,,,,,,,,,,,,,,
Maître artisan,,,,,,,,,,,,,,,
Maître boxeur,,,,,,,,,,,,,,,
Maître brasseur,,,,,,,,,,,,,,,
Maître de la matraque,,,,,,,,,,,,,,,
Maître de la traque au clair de lune,,,,,,,,,,,,,,,
Maître de l'étreinte fatale,,,,,,,,,,,,,,,
Maître des bâtons,,,,,,,,,,,,,,,
Maître des chevaux,,,,,,,,,,,,,,,
Maître des duels,,,,,,,,,,,,,,,
Maître des écoles de combat,,,,,,,,,,,,,,,
Maître des morts-vivants,,,,,,,,,,,,,,,
Maître des morts-vivants (mythique),,,,,,,,,,,,,,,
Maître des opérations,,,,,,,,,,,,,,,
Maître des tonnerres jumeaux,,,,,,,,,,,,,,,
Maître du chakra,,,,,,,,,,,,,,,
Maître du combat de spectacle,,,,,,,,,,,,,,,
Maître du refus de mourir,,,,,,,,,,,,,,,
Maître empoigneur,,,,,,,,,,,,,,,
Maître ingénieur de siège,,,,,,,,,,,,,,,
Maîtrise de l'armure magique,,,,,,,,,,,,,,,
Maîtrise des arbalètes,,,,,,,,,,,,,,,
Maîtrise des armes de spectacle,,,,,,,,,,,,,,,
Maîtrise des armes improvisées,,,,,,,,,,,,,,,
Maîtrise des sorts,,,,,,,,,,,,,,,
Maîtrise des sorts (mythique),,,,,,,,,,,,,,,
Maîtrise des talents multiples,,,,,,,,,,,,,,,
Maîtrise du bouclier,,,,,,,,,,,,,,,
Maîtrise du combat défensif,,,,,,,,,,,,,,,
Maîtrise du combat défensif (mythique),,,,,,,,,,,,,,,
Maîtrise du combat en aveugle,,,,,,,,,,,,,,,
Maîtrise du critique,,,,,,,,,,,,,,,
Maîtrise du critique de plaie,,,,,,,,,,,,,,,
Maîtrise du critique (mythique),,,,,,,,,,,,,,,
Maîtrise du fouet,,,,,,,,,,,,,,,
Maîtrise du fouet supérieure,,,,,,,,,,,,,,,
Maîtrise du tir à bout portant,,,,,,,,,,,,,,,
Maîtrise martiale,,,,,,,,,,,,,,,
Maléfice flexible,,,,,,,,,,,,,,,
Maléfice magique,,,,,,,,,,,,,,,
Maléfice maudit,,,,,,,,,,,,,,,
Maléfice maudit (mythique),,,,,,,,,,,,,,,
Maléfice supplémentaire,,,,,,,,,,,,,,,
Maniement des armes courantes,,,,,,,,,,,,,,,
Maniement des boucliers,,,,,,,,,,,,,,,
Maniement d'une arme de guerre,,,,,,,,,,,,,,,
Maniement d'une arme exotique,,,,,,,,,,,,,,,
Maniement du pavois,,,,,,,,,,,,,,,
Manipulation partagée,,,,,,,,,,,,,,,
Manœuvre de désorientation,,,,,,,,,,,,,,,
Manœuvre hydraulique,,,,,,,,,,,,,,,
Manœuvrer le filet,,,,,,,,,,,,,,,
Manœuvres agiles,,,,,,,,,,,,,,,
Manœuvres coordonnées,,,,,,,,,,,,,,,
Manœuvres dimensionnelles,,,,,,,,,,,,,,,
Manoeuvre surprise,,,,,,,,,,,,,,,
Marche sur les nuages,,,,,,,,,,,,,,,
Marqué pour punir,,,,,,,,,,,,,,,
Marteler la faille,,,,,,,,,,,,,,,
Massacre effroyable,,,,,,,,,,,,,,,
Médecin de guerre,,,,,,,,,,,,,,,
Mémoire des formules,,,,,,,,,,,,,,,
Métamagie spontanée,,,,,,,,,,,,,,,
Métamagie spontanée (mythique),,,,,,,,,,,,,,,
Meurs pour ton maître,,,,,,,,,,,,,,,
Meurtre silencieux,,,,,,,,,,,,,,,
Modèle draconique,,,,,,,,,,,,,,,
Modification de paysage mental binaire,,,,,,,,,,,,,,,
Monstre invoqué évolué,,,,,,,,,,,,,,,
Montée en puissance chanceuse (mythique),,,,,,,,,,,,,,,
Monture de taille inférieure,,,,,,,,,,,,,,,
Mort venue du ciel,,,,,,,,,,,,,,,
Mort venue du ciel (mythique),,,,,,,,,,,,,,,
Mot de guérison,,,,,,,,,,,,,,,
Mouvements du singe,,,,,,,,,,,,,,,
Mur de boucliers,,,,,,,,,,,,,,,
Mur de boucliers canalisé,,,,,,,,,,,,,,,
Murmures de la terre,,,,,,,,,,,,,,,
Musique flamboyante,,,,,,,,,,,,,,,
Musique flamboyante (mythique),,,,,,,,,,,,,,,
Naissance solitaire,,,,,,,,,,,,,,,
Ni elfe ni humain,,,,,,,,,,,,,,,
Noble rejeton,,,,,,,,,,,,,,,
Noble résistance à la magie,,,,,,,,,,,,,,,
Noblesse drow,,,,,,,,,,,,,,,
Noblesse drow supérieure,,,,,,,,,,,,,,,
Nordique,,,,,,,,,,,,,,,
Odorat supérieur,,,,,,,,,,,,,,,
OEil du charognard,,,,,,,,,,,,,,,
Oeil du juge,,,,,,,,,,,,,,,
Œil mystique,,,,,,,,,,,,,,,
Ombre druidique,,,,,,,,,,,,,,,
Optimisation de la frappe magique,,,,,,,,,,,,,,,
Oracle du péché,,,,,,,,,,,,,,,
Orateur,,,,,,,,,,,,,,,
Orateur prudent,,,,,,,,,,,,,,,
Oréade nageur de terre,,,,,,,,,,,,,,,
Palpation curative supplémentaire,,,,,,,,,,,,,,,
Panache supplémentaire,,,,,,,,,,,,,,,
Parade cinétique,,,,,,,,,,,,,,,
Parade de la panthère,,,,,,,,,,,,,,,
Parade de projectiles,,,,,,,,,,,,,,,
Parade de projectiles (mythique),,,,,,,,,,,,,,,
Parade de sorts,,,,,,,,,,,,,,,
Parangon demi-drow,,,,,,,,,,,,,,,
Parangon mythique (mythique),,,,,,,,,,,,,,,
Par-dessus et par-dessous,,,,,,,,,,,,,,,
Parle-esprit,,,,,,,,,,,,,,,
Partenaire de feinte,,,,,,,,,,,,,,,
Pas aérien,,,,,,,,,,,,,,,
Pas de côté,,,,,,,,,,,,,,,
Pas de géant,,,,,,,,,,,,,,,
Pas léger,,,,,,,,,,,,,,,
Passer pour un humain,,,,,,,,,,,,,,,
Patrouille en combat,,,,,,,,,,,,,,,
Peau d’eau,,,,,,,,,,,,,,,
Peau de fer,,,,,,,,,,,,,,,
Peau du shaitan,,,,,,,,,,,,,,,
Perception de la peur,,,,,,,,,,,,,,,
Perception des esprits,,,,,,,,,,,,,,,
Perception via la pierre,,,,,,,,,,,,,,,
Perfection magique,,,,,,,,,,,,,,,
Personnalité affirmée,,,,,,,,,,,,,,,
Persuasion,,,,,,,,,,,,,,,
Persuasion (mythique),,,,,,,,,,,,,,,
Perturbateur,,,,,,,,,,,,,,,
Perturbateur (mythique),,,,,,,,,,,,,,,
Pied marin,,,,,,,,,,,,,,,
Pieds emmêlés,,,,,,,,,,,,,,,
Piège de rodeur étendu,,,,,,,,,,,,,,,
Piège de rôdeur évolué,,,,,,,,,,,,,,,
Piège de rôdeur supplémentaire,,,,,,,,,,,,,,,
Piétinement,,,,,,,,,,,,,,,
Piétinement (mythique),,,,,,,,,,,,,,,
Piétinement vicieux,,,,,,,,,,,,,,,
Pistolier amateur,,,,,,,,,,,,,,,
Pistolier gobelin,,,,,,,,,,,,,,,
Pivotement,,,,,,,,,,,,,,,
Placage,,,,,,,,,,,,,,,
Plané draconique,,,,,,,,,,,,,,,
Poing de cauchemar,,,,,,,,,,,,,,,
Poing de dissipation,,,,,,,,,,,,,,,
Poing de la gorgone,,,,,,,,,,,,,,,
Poing de la gorgone (mythique),,,,,,,,,,,,,,,
Poing déstabilisant,,,,,,,,,,,,,,,
Poing du croisé,,,,,,,,,,,,,,,
Poing élémentaire,,,,,,,,,,,,,,,
Poing élémentaire (mythique),,,,,,,,,,,,,,,
Poing hébétant,,,,,,,,,,,,,,,
Polyvalence martiale,,,,,,,,,,,,,,,
Portail triton,,,,,,,,,,,,,,,
Port de l'armure magique,,,,,,,,,,,,,,,
Port de l'armure magique (mythique),,,,,,,,,,,,,,,
Port des armures intermédiaires,,,,,,,,,,,,,,,
Port des armures légères,,,,,,,,,,,,,,,
Port des armures lourdes,,,,,,,,,,,,,,,
Porte-étendard,,,,,,,,,,,,,,,
Portrait craché,,,,,,,,,,,,,,,
Pose stoïque,,,,,,,,,,,,,,,
Posture de l'efrit,,,,,,,,,,,,,,,
Poursuite,,,,,,,,,,,,,,,
Pouvoir de focalisation supplémentaire,,,,,,,,,,,,,,,
Pouvoir de rage supplémentaire,,,,,,,,,,,,,,,
Pouvoir de résonance accru,,,,,,,,,,,,,,,
Pouvoir magique rapide,,,,,,,,,,,,,,,
Pouvoir mythique supplémentaire (mythique),,,,,,,,,,,,,,,
Précision elfique,,,,,,,,,,,,,,,
Précision elfique (mythique),,,,,,,,,,,,,,,
Précision sournoise,,,,,,,,,,,,,,,
Prédisposition pour l'altitude,,,,,,,,,,,,,,,
Préjugé extrême,,,,,,,,,,,,,,,
Première volée,,,,,,,,,,,,,,,
Prendre l'avantage,,,,,,,,,,,,,,,
Préparation de potions,,,,,,,,,,,,,,,
Préparation étendue,,,,,,,,,,,,,,,
Présence cachée,,,,,,,,,,,,,,,
Présence intrusive,,,,,,,,,,,,,,,
Présence manipulatrice,,,,,,,,,,,,,,,
Prestidigitateur gnome,,,,,,,,,,,,,,,
Prestidigitateur gnome (mythique),,,,,,,,,,,,,,,
Prestige,,,,,,,,,,,,,,,
Prêt à se battre,,,,,,,,,,,,,,,
Prêt à souffrir,,,,,,,,,,,,,,,
Prêt de canalisation,,,,,,,,,,,,,,,
Prêtre guerrier,,,,,,,,,,,,,,,
Prêtre guerrier (mythique),,,,,,,,,,,,,,,
Proche de la terre,,,,,,,,,,,,,,,
Prodige,,,,,,,,,,,,,,,
Profil bas,,,,,,,,,,,,,,,
Protection contre un ennemi juré,,,,,,,,,,,,,,,
Protection divine,,,,,,,,,,,,,,,
Queue agrippeuse,,,,,,,,,,,,,,,
Queue de terreur,,,,,,,,,,,,,,,
Queue magique,,,,,,,,,,,,,,,
Quintessence de la montée en puissance (mythique),,,,,,,,,,,,,,,
Quintessence des sorts,,,,,,,,,,,,,,,
Rage empathique,,,,,,,,,,,,,,,
Rage imprudente,,,,,,,,,,,,,,,
Rage retrouvée,,,,,,,,,,,,,,,
Rage supplémentaire,,,,,,,,,,,,,,,
Rageur talentueux,,,,,,,,,,,,,,,
Raillerie,,,,,,,,,,,,,,,
Ramassage acrobatique,,,,,,,,,,,,,,,
Rapide,,,,,,,,,,,,,,,
Rapide (mythique),,,,,,,,,,,,,,,
Rat des tunnels,,,,,,,,,,,,,,,
Rayon d'énergie canalisée,,,,,,,,,,,,,,,
Rayonnement divin,,,,,,,,,,,,,,,
Rechargement rapide,,,,,,,,,,,,,,,
Rechargement rapide (mythique),,,,,,,,,,,,,,,
Récompense de grâce,,,,,,,,,,,,,,,
Récompense de vie,,,,,,,,,,,,,,,
Récupération de sang,,,,,,,,,,,,,,,
Récupération héroïque,,,,,,,,,,,,,,,
Récupération héroïque (mythique),,,,,,,,,,,,,,,
Réduction agressive,,,,,,,,,,,,,,,
Réflexes surhumains,,,,,,,,,,,,,,,
Réflexes surhumains (mythique),,,,,,,,,,,,,,,
Refuser la mort,,,,,,,,,,,,,,,
Regard étendu,,,,,,,,,,,,,,,
Regard hypnotique intimidant,,,,,,,,,,,,,,,
Regard intimidant,,,,,,,,,,,,,,,
Regard pénétrant,,,,,,,,,,,,,,,
Regard perspicace,,,,,,,,,,,,,,,
Renaissance canalisée,,,,,,,,,,,,,,,
Renversement de l'enfant de la terre,,,,,,,,,,,,,,,
Renversement supérieur,,,,,,,,,,,,,,,
Renvoi de l'insaisissable,,,,,,,,,,,,,,,
Renvoi de projectile,,,,,,,,,,,,,,,
Renvoi des morts-vivants,,,,,,,,,,,,,,,
Renvoi des morts-vivants (mythique),,,,,,,,,,,,,,,
Réparations de fortune,,,,,,,,,,,,,,,
Répartition des maléfices,,,,,,,,,,,,,,,
Répartition des maléfices majeurs,,,,,,,,,,,,,,,
Repositionnement rapide,,,,,,,,,,,,,,,
Repositionnement supérieur,,,,,,,,,,,,,,,
Reprends-toi,,,,,,,,,,,,,,,
Représentation intimidante,,,,,,,,,,,,,,,
Représentation obsédante,,,,,,,,,,,,,,,
Représentation supplémentaire,,,,,,,,,,,,,,,
Représentation théâtrale,,,,,,,,,,,,,,,
Réserve magique supplémentaire,,,,,,,,,,,,,,,
Réserve phrénique accrue,,,,,,,,,,,,,,,
Réservoir supplémentaire,,,,,,,,,,,,,,,
Résilience renforcée,,,,,,,,,,,,,,,
Résistance des fiélons étendue,,,,,,,,,,,,,,,
Résistance étendue,,,,,,,,,,,,,,,
Résistance héroïque,,,,,,,,,,,,,,,
Résistance héroïque (mythique),,,,,,,,,,,,,,,
Résolution courageuse,,,,,,,,,,,,,,,
Résolution féroce,,,,,,,,,,,,,,,
Responsable du siège,,,,,,,,,,,,,,,
Retour en force,,,,,,,,,,,,,,,
Retour en force (mythique),,,,,,,,,,,,,,,
Révélation supplémentaire,,,,,,,,,,,,,,,
Rêveur lucide,,,,,,,,,,,,,,,
Riposte,,,,,,,,,,,,,,,
Riposte de la grue,,,,,,,,,,,,,,,
Riposte (mythique),,,,,,,,,,,,,,,
Robustesse,,,,,,,,,,,,,,,
Robustesse (mythique),,,,,,,,,,,,,,,
Rogneur,,,,,,,,,,,,,,,
Roublard studieux,,,,,,,,,,,,,,,
Roulade,,,,,,,,,,,,,,,
Ruée du jann,,,,,,,,,,,,,,,
Rugissement du dragon,,,,,,,,,,,,,,,
Ruse au filet,,,,,,,,,,,,,,,
Sabotage magique,,,,,,,,,,,,,,,
Sage harmonique,,,,,,,,,,,,,,,
Sagesse de la mante,,,,,,,,,,,,,,,
Saisir sa chance,,,,,,,,,,,,,,,
Sale coup rapide,,,,,,,,,,,,,,,
Sale coup supérieur,,,,,,,,,,,,,,,
Sang angélique,,,,,,,,,,,,,,,
Sang de la vie,,,,,,,,,,,,,,,
Sang de nain,,,,,,,,,,,,,,,
Sang manifeste,,,,,,,,,,,,,,,
Sang rageur,,,,,,,,,,,,,,,
Sang remarquable,,,,,,,,,,,,,,,
Saut cinétique,,,,,,,,,,,,,,,
Saut élémentaire,,,,,,,,,,,,,,,
Saut élémentaire,,,,,,,,,,,,,,,
Saut vaillant (mythique),,,,,,,,,,,,,,,
S'avancer,,,,,,,,,,,,,,,
Savant dimensionnel,,,,,,,,,,,,,,,
Science de la bousculade,,,,,,,,,,,,,,,
Science de la bousculade (mythique),,,,,,,,,,,,,,,
Science de l'abri,,,,,,,,,,,,,,,
Science de la canalisation,,,,,,,,,,,,,,,
Science de la canalisation de force,,,,,,,,,,,,,,,
Science de la canalisation (mythique),,,,,,,,,,,,,,,
Science de la connaissance des monstres,,,,,,,,,,,,,,,
Science de la destruction,,,,,,,,,,,,,,,
Science de la destruction (mythique),,,,,,,,,,,,,,,
Science de la feinte,,,,,,,,,,,,,,,
Science de la feinte à deux armes,,,,,,,,,,,,,,,
Science de la frappe décisive,,,,,,,,,,,,,,,
Science de la frappe dévastatrice,,,,,,,,,,,,,,,
Science de la lacération furieuse,,,,,,,,,,,,,,,
Science de la lutte,,,,,,,,,,,,,,,
Science de la lutte (mythique),,,,,,,,,,,,,,,
Science de la magie flexible,,,,,,,,,,,,,,,
Science de la maîtrise du fouet,,,,,,,,,,,,,,,
Science de la noblesse drow,,,,,,,,,,,,,,,
Science de l'arme de l'Élu,,,,,,,,,,,,,,,
Science de la seconde chance,,,,,,,,,,,,,,,
Science de la subtilisation,,,,,,,,,,,,,,,
Science de la subtilisation (mythique),,,,,,,,,,,,,,,
Science de la vigueur surhumaine,,,,,,,,,,,,,,,
Science de la volonté de fer,,,,,,,,,,,,,,,
Science de l'échange de places,,,,,,,,,,,,,,,
Science de l'enchaînement final,,,,,,,,,,,,,,,
Science de l'enchaînement surprise,,,,,,,,,,,,,,,
Science de l'entraînement,,,,,,,,,,,,,,,
Science de l'entraînement (mythique),,,,,,,,,,,,,,,
Science de l'étrange héritage,,,,,,,,,,,,,,,
Science de l'improvisation,,,,,,,,,,,,,,,
Science de l'initiative,,,,,,,,,,,,,,,
Science de l'initiative (mythique),,,,,,,,,,,,,,,
Science des réflexes surhumains,,,,,,,,,,,,,,,
Science du chant funèbre,,,,,,,,,,,,,,,
Science du combat à deux armes,,,,,,,,,,,,,,,
Science du combat à mains nues,,,,,,,,,,,,,,,
Science du combat à mains nues (mythique),,,,,,,,,,,,,,,
Science du combat dos à dos,,,,,,,,,,,,,,,
Science du combat en aveugle,,,,,,,,,,,,,,,
Science du combattant étudié,,,,,,,,,,,,,,,
Science du contresort,,,,,,,,,,,,,,,
Science du contresort (mythique),,,,,,,,,,,,,,,
Science du coup de bouclier,,,,,,,,,,,,,,,
Science du coup fabuleux,,,,,,,,,,,,,,,
Science du coup sous la ceinture,,,,,,,,,,,,,,,
Science du critique,,,,,,,,,,,,,,,
Science du critique d'empalement,,,,,,,,,,,,,,,
Science du critique (mythique),,,,,,,,,,,,,,,
Science du croc-en-jambe,,,,,,,,,,,,,,,
Science du croc-en-jambe (mythique),,,,,,,,,,,,,,,
Science du désarmement,,,,,,,,,,,,,,,
Science du désarmement (mythique),,,,,,,,,,,,,,,
Science du développement de la résistance,,,,,,,,,,,,,,,
Science du lancer ki,,,,,,,,,,,,,,,
Science du lancer lors d'une charge,,,,,,,,,,,,,,,
Science du partage de sorts,,,,,,,,,,,,,,,
Science du partage des sorts,,,,,,,,,,,,,,,
Science du partenaire de feinte,,,,,,,,,,,,,,,
Science du pas de côté,,,,,,,,,,,,,,,
Science du renversement,,,,,,,,,,,,,,,
Science du renversement (mythique),,,,,,,,,,,,,,,
Science du repositionnement,,,,,,,,,,,,,,,
Science du repositionnement (mythique),,,,,,,,,,,,,,,
Science du sale coup,,,,,,,,,,,,,,,
Science du sale coup (mythique),,,,,,,,,,,,,,,
Science du tir de précision,,,,,,,,,,,,,,,
Science du tir soudain,,,,,,,,,,,,,,,
Seconde chance,,,,,,,,,,,,,,,
Séisme du shaitan,,,,,,,,,,,,,,,
Semelle de pierre,,,,,,,,,,,,,,,
Sensibilité psychique,,,,,,,,,,,,,,,
Sens très affûtés,,,,,,,,,,,,,,,
Se relever avec le ki,,,,,,,,,,,,,,,
Serviteur céleste,,,,,,,,,,,,,,,
Signes secrets,,,,,,,,,,,,,,,
Sniper kobold,,,,,,,,,,,,,,,
Sociable,,,,,,,,,,,,,,,
Sociable (mythique),,,,,,,,,,,,,,,
Sort à rebonds,,,,,,,,,,,,,,,
Sort ascendant (métamagie),,,,,,,,,,,,,,,
Sort brûlant,,,,,,,,,,,,,,,
Sort concentré,,,,,,,,,,,,,,,
Sort de prédilection,,,,,,,,,,,,,,,
Sort de recherche,,,,,,,,,,,,,,,
Sort éblouissant,,,,,,,,,,,,,,,
Sort écoeurant,,,,,,,,,,,,,,,
Sort ectoplasmique,,,,,,,,,,,,,,,
Sort élémentaire,,,,,,,,,,,,,,,
Sort éloigné,,,,,,,,,,,,,,,
Sort furieux,,,,,,,,,,,,,,,
Sort gelé,,,,,,,,,,,,,,,
Sort hébétant,,,,,,,,,,,,,,,
Sort intense,,,,,,,,,,,,,,,
Sort intuitif,,,,,,,,,,,,,,,
Sort logique,,,,,,,,,,,,,,,
Sort marquant,,,,,,,,,,,,,,,
Sort mélodieux,,,,,,,,,,,,,,,
Sort miséricordieux,,,,,,,,,,,,,,,
Sort percutant,,,,,,,,,,,,,,,
Sort persistant,,,,,,,,,,,,,,,
Sort perturbateur,,,,,,,,,,,,,,,
Sort renversant,,,,,,,,,,,,,,,
Sort sélectif,,,,,,,,,,,,,,,
Sort soutenu,,,,,,,,,,,,,,,
Sort ténébreux,,,,,,,,,,,,,,,
Sort terrifiant,,,,,,,,,,,,,,,
Sort thanatopique,,,,,,,,,,,,,,,
Sort thrénodique,,,,,,,,,,,,,,,
Sort tonitruant,,,,,,,,,,,,,,,
Sort transperçant,,,,,,,,,,,,,,,
Sort traumatisant,,,,,,,,,,,,,,,
Sort umbral,,,,,,,,,,,,,,,
Souffle draconique,,,,,,,,,,,,,,,
Souffle intérieur,,,,,,,,,,,,,,,
Souplesse du serpent,,,,,,,,,,,,,,,
Souplesse du serpent (mythique),,,,,,,,,,,,,,,
Sous les jambes,,,,,,,,,,,,,,,
Souvenir destructeur,,,,,,,,,,,,,,,
Spécialisation au bouclier,,,,,,,,,,,,,,,
Spécialisation magique,,,,,,,,,,,,,,,
Spécialisation magique supérieure,,,,,,,,,,,,,,,
Spécialisation martiale,,,,,,,,,,,,,,,
Spécialisation martiale (mythique),,,,,,,,,,,,,,,
Spécialisation martiale supérieure,,,,,,,,,,,,,,,
Spécialisation supérieure aux boucliers,,,,,,,,,,,,,,,
Sprint tueur,,,,,,,,,,,,,,,
Sténo,,,,,,,,,,,,,,,
Stoïque,,,,,,,,,,,,,,,
Strangulation,,,,,,,,,,,,,,,
Subtilisation rapide,,,,,,,,,,,,,,,
Subtilisation supérieure,,,,,,,,,,,,,,,
Succès éclatant,,,,,,,,,,,,,,,
Succession d'enchaînements,,,,,,,,,,,,,,,
Surprise,,,,,,,,,,,,,,,
Surprise (mythique),,,,,,,,,,,,,,,
Survivant,,,,,,,,,,,,,,,
Survivant tenace,,,,,,,,,,,,,,,
Synergie de dissipation,,,,,,,,,,,,,,,
Synergie de la discrétion,,,,,,,,,,,,,,,
Synergie des sens,,,,,,,,,,,,,,,
Tacticien de la téléportation,,,,,,,,,,,,,,,
Tacticien expérimenté,,,,,,,,,,,,,,,
Tacticien rusé,,,,,,,,,,,,,,,
Tactique de l'aile cassée,,,,,,,,,,,,,,,
Tactique de la patte blessée,,,,,,,,,,,,,,,
Talent,,,,,,,,,,,,,,,
Talent d'enquêteur supplémentaire,,,,,,,,,,,,,,,
Talent de tueur supplémentaire,,,,,,,,,,,,,,,
Talent magique,,,,,,,,,,,,,,,
Talent (mythique),,,,,,,,,,,,,,,
Talent sauvage supplémentaire,,,,,,,,,,,,,,,
Talent supplémentaire,,,,,,,,,,,,,,,
Tatouage mystique,,,,,,,,,,,,,,,
Tempête du jann,,,,,,,,,,,,,,,
Ténacité féroce,,,,,,,,,,,,,,,
Tenaille de meute,,,,,,,,,,,,,,,
Terreur inspiratrice,,,,,,,,,,,,,,,
Tête dure,,,,,,,,,,,,,,,
Théurgie,,,,,,,,,,,,,,,
Tir à bout portant,,,,,,,,,,,,,,,
Tir à bout portant (mythique),,,,,,,,,,,,,,,
Tirailleur monté,,,,,,,,,,,,,,,
Tir avec concentration,,,,,,,,,,,,,,,
Tir coordonné,,,,,,,,,,,,,,,
Tir de loin,,,,,,,,,,,,,,,
Tir de loin (mythique),,,,,,,,,,,,,,,
Tir de précision,,,,,,,,,,,,,,,
Tir de sommation,,,,,,,,,,,,,,,
Tir en enfilade,,,,,,,,,,,,,,,
Tir en mouvement,,,,,,,,,,,,,,,
Tir en mouvement (mythique),,,,,,,,,,,,,,,
Tir en plein saut,,,,,,,,,,,,,,,
Tir en retraite,,,,,,,,,,,,,,,
Tireur à la fronde couché,,,,,,,,,,,,,,,
Tireur à l'arme de siège,,,,,,,,,,,,,,,
Tireur astucieux,,,,,,,,,,,,,,,
Tireur couché,,,,,,,,,,,,,,,
Tir impitoyable,,,,,,,,,,,,,,,
Tir lobé,,,,,,,,,,,,,,,
Tir monté,,,,,,,,,,,,,,,
Tir monté (mythique),,,,,,,,,,,,,,,
Tir optimisé,,,,,,,,,,,,,,,
Tir perturbateur,,,,,,,,,,,,,,,
Tir rapide,,,,,,,,,,,,,,,
Tir rapide (mythique),,,,,,,,,,,,,,,
Tirs groupés,,,,,,,,,,,,,,,
Tir soudain,,,,,,,,,,,,,,,
Tir soudain supérieur,,,,,,,,,,,,,,,
Tisseur de cauchemar,,,,,,,,,,,,,,,
Tonnerres jumeaux,,,,,,,,,,,,,,,
Totem spirituel,,,,,,,,,,,,,,,
Touche d’ombre,,,,,,,,,,,,,,,
Toucher de la sérénité,,,,,,,,,,,,,,,
Tourbillon du djinn,,,,,,,,,,,,,,,
Tour de passe-passe,,,,,,,,,,,,,,,
Tourment de la mante,,,,,,,,,,,,,,,
Tours de magie ou oraisons supplémentaires,,,,,,,,,,,,,,,
Traction de l'empoigneur,,,,,,,,,,,,,,,
Traction exceptionnelle,,,,,,,,,,,,,,,
Traits supplémentaires,,,,,,,,,,,,,,,
Trancheur de pied,,,,,,,,,,,,,,,
Transfert de sort distant,,,,,,,,,,,,,,,
Transfert longue distance,,,,,,,,,,,,,,,
Transmettre sa chance,,,,,,,,,,,,,,,
Transmutation tenace,,,,,,,,,,,,,,,
Trapéziste des arbres,,,,,,,,,,,,,,,
Traqueur au clair de lune,,,,,,,,,,,,,,,
Travail en équipe,,,,,,,,,,,,,,,
Travail en équipe légendaire (mythique),,,,,,,,,,,,,,,
Troisième oeil,,,,,,,,,,,,,,,
Tuerie fracassante,,,,,,,,,,,,,,,
Tueur de géants,,,,,,,,,,,,,,,
Tueur intimidant,,,,,,,,,,,,,,,
Tueur menaçant,,,,,,,,,,,,,,,
Tueur miséricordieux,,,,,,,,,,,,,,,
Tueur prolongé,,,,,,,,,,,,,,,
Tueur supplémentaire,,,,,,,,,,,,,,,
Tumeur aberrante,,,,,,,,,,,,,,,
Ultime fermeté,,,,,,,,,,,,,,,
Une fronde pour fléau,,,,,,,,,,,,,,,
Vendetta arcanique,,,,,,,,,,,,,,,
Vengeance sanguinaire,,,,,,,,,,,,,,,
Venin de sommeil,,,,,,,,,,,,,,,
Vigie,,,,,,,,,,,,,,,
Vigilance,,,,,,,,,,,,,,,
Vigilance instinctive,,,,,,,,,,,,,,,
Vigilance (mythique),,,,,,,,,,,,,,,
Vigueur du scalde,,,,,,,,,,,,,,,
Vigueur en rage,,,,,,,,,,,,,,,
Vigueur surhumaine,,,,,,,,,,,,,,,
Vigueur surhumaine du scalde,,,,,,,,,,,,,,,
Vigueur surhumaine (mythique),,,,,,,,,,,,,,,
Virage sur l'aile,,,,,,,,,,,,,,,
Virtuose psychique,,,,,,,,,,,,,,,
Visage de pierre,,,,,,,,,,,,,,,
Viser,,,,,,,,,,,,,,,
Viser juste,,,,,,,,,,,,,,,
Viser juste (mythique),,,,,,,,,,,,,,,
Viser (mythique),,,,,,,,,,,,,,,
Visible et invisible,,,,,,,,,,,,,,,
Vision affûtée,,,,,,,,,,,,,,,
Vision à travers le feu,,,,,,,,,,,,,,,
Vision des profondeurs (mythique),,,,,,,,,,,,,,,
Vision fiélone,,,,,,,,,,,,,,,
Vision obscure,,,,,,,,,,,,,,,
Vision prophétique,,,,,,,,,,,,,,,
Vision prophétique (mythique),,,,,,,,,,,,,,,
Vision ténébreuse,,,,,,,,,,,,,,,
Vision ténébreuse supérieure,,,,,,,,,,,,,,,
Voie de l'exilé,,,,,,,,,,,,,,,
Voie duale (mythique),,,,,,,,,,,,,,,
Voie du kirin,,,,,,,,,,,,,,,
Voix de la sibylle,,,,,,,,,,,,,,,
Voix de la sibylle (mythique),,,,,,,,,,,,,,,
Voix discordante,,,,,,,,,,,,,,,
Volonté de fer,,,,,,,,,,,,,,,
Volonté de fer (mythique),,,,,,,,,,,,,,,
Volonté héroïque,,,,,,,,,,,,,,,
Vol stationnaire,,,,,,,,,,,,,,,
Voltigeur,,,,,,,,,,,,,,,
Voltigeur (mythique),,,,,,,,,,,,,,,
Xénoglossie,,,,,,,,,,,,,,,
Yeux de lynx,,,,,,,,,,,,,,,
Yeux de lynx (mythique),,,,,,,,,,,,,,,
Zélote du refus de mourir,,,,,,,,,,,,,,,